sp;Body_size_mm;Diu;Noc;Crepu;Fos;Ter;Aqu;Arb;area_m;Brood.Size
Adelophryne_pachydactyla;11.1;0;1;0;0;1;1;0;5796998847;NA
Adenomera_ajurauna;19;0;1;0;1;0;0;0;228603342.5;NA
Adenomera_araucaria;19;0;1;0;1;0;0;0;3941478177;9.49
Adenomera_bokermanni;22;0;1;0;1;0;0;0;2.29E+11;18
Adenomera_diptyx;25;1;1;0;1;1;0;0;4.55E+11;49.82
Adenomera_hylaedactyla;30;1;1;0;1;1;0;0;9.4E+12;12.65
Adenomera_marmorata;21;1;1;0;1;0;0;0;2.27E+11;5.29
Adenomera_martinezi;25.7;0;1;0;1;1;0;0;6.74E+11;10.95
Adenomera_nana;18;0;1;0;1;0;0;0;13933373047;NA
Adenomera_saci;24.2;0;1;1;1;0;0;0;5.76E+11;NA
Adenomera_thomei;24;0;1;0;1;0;0;0;5933374825;NA
Agalychnis_aspera;44;0;1;0;0;0;1;1;7786827036;60
Agalychnis_granulosa;48;0;1;0;0;0;1;1;19035406445;37.52
Allobates_olfersioides;19;1;0;0;0;1;1;0;2.56E+11;7.42
Ameerega_flavopicta;30.5;1;0;0;0;1;0;0;9.02E+11;23.62
Ameerega_picta;24.4;0;1;0;0;1;0;0;477273128.2;11.14
Aparasphenodon_ararapa;45;0;1;0;0;1;1;1;444106631.8;NA
Aparasphenodon_bokermanni;81;0;1;0;0;1;1;1;32667119.42;NA
Aparasphenodon_brunoi;81;0;1;0;0;0;1;1;2.49E+11;NA
Aplastodiscus_albofrenatus;41.6;0;1;0;0;0;1;1;16180859844;NA
Aplastodiscus_albosignatus;52;0;1;0;0;0;1;1;61185657334;NA
Aplastodiscus_arildae;41.6;0;1;0;0;0;1;1;1.62E+11;307
Aplastodiscus_callipygius;51;0;1;0;0;0;1;1;9474973922;NA
Aplastodiscus_cavicola;37.3;0;1;0;0;0;1;1;22877009568;NA
Aplastodiscus_cochranae;50.3;0;1;0;0;0;1;1;7499549165;328.91
Aplastodiscus_ehrhardti;39.1;0;1;0;0;0;1;1;20034240294;NA
Aplastodiscus_eugenioi;39;0;1;0;0;0;1;1;3271527231;73.86
Aplastodiscus_flumineus;50.4;0;1;0;0;1;1;1;105010235.7;NA
Aplastodiscus_ibirapitanga;43.4;0;1;0;0;1;0;1;10604069069;NA
Aplastodiscus_leucopygius;45.1;0;1;0;0;1;1;1;1.15E+11;202.22
Aplastodiscus_musicus;50;NA;NA;NA;0;1;1;1;675127613.6;NA
Aplastodiscus_perviridis;46.1;0;1;0;0;1;1;1;1.01E+12;170.55
Aplastodiscus_sibilatus;33.6;0;1;0;0;1;1;0;1554192442;NA
Aplastodiscus_weygoldti;41.7;0;1;0;0;1;0;1;10022033.5;NA
Aplastodiscus_weygoldti;41.7;0;1;0;0;1;0;1;20712391.42;NA
Arcovomer_passarellii;25.6;0;1;0;0;1;1;0;39223630093;119.21
Bokermannohyla_alvarengai;140.9;0;1;0;0;1;1;1;1.38E+11;1471.22
Bokermannohyla_astartea;45;0;1;0;0;1;1;1;72036968634;NA
Bokermannohyla_capra;64.1;0;1;0;0;1;0;1;7438413305;NA
Bokermannohyla_caramaschii;70;0;1;0;0;1;0;1;10922742638;NA
Bokermannohyla_carvalhoi;67;0;1;0;0;1;1;1;2150547750;NA
Bokermannohyla_circumdata;71;0;1;0;0;1;1;1;37770065457;335.37
Boana_claresignata;61;NA;NA;NA;0;1;0;1;8464243832;NA
Boana_clepsydra;39;NA;NA;NA;0;0;1;1;5186563662;NA
Bokermannohyla_gouveai;69;0;1;0;0;1;1;1;457002996.1;NA
Bokermannohyla_hylax;64;0;1;0;0;1;1;1;61439766922;NA
Bokermannohyla_ibitipoca;42.7;0;1;0;0;1;1;1;1421444.3;NA
Bokermannohyla_langei;66;NA;NA;NA;0;1;1;1;85321378.88;NA
Bokermannohyla_luctuosa;61.9;0;1;0;0;1;1;1;13286412733;492.69
Bokermannohyla_martinsi;64;0;1;0;0;1;1;1;21856877960;NA
Bokermannohyla_nanuzae;44;0;1;0;0;1;1;1;5137069961;98.99
Bokermannohyla_pseudopseudis;64.6;NA;NA;NA;0;1;1;1;2.86E+11;NA
Bokermannohyla_saxicola;55;0;1;0;0;1;1;1;91672961782;199
Bokermannohyla_sazimai;38.2;NA;NA;NA;0;1;1;1;21325741540;NA
Bokermannohyla_vulcaniae;55.4;0;1;0;0;1;1;1;112260740.4;NA
Brachycephalus_alipioi;16.2;1;0;0;0;1;0;0;279761294.1;NA
Brachycephalus_didactylus;10.7;1;0;0;0;1;0;0;21854355496;NA
Brachycephalus_ephippium;19.7;1;0;0;0;1;0;0;1.31E+11;4.9
Brachycephalus_ferruginus;14.5;1;0;0;0;1;0;0;317245000.9;3
Brachycephalus_hermogenesi;10.5;1;0;0;0;1;0;0;23900664237;NA
Brachycephalus_margaritatus;18.9;1;0;0;0;1;0;0;12277464387;NA
Brachycephalus_nodoterga;13.4;1;0;0;0;1;0;0;80576601.44;NA
Brachycephalus_pernix;15.8;1;0;0;0;1;0;0;15837481.51;NA
Brachycephalus_pombali;15.3;1;0;0;0;1;0;0;254507983.6;NA
Brachycephalus_sulfuratus;8.5;1;0;0;0;1;0;0;5947806344;NA
Brachycephalus_vertebralis;15.1;1;0;0;0;1;0;0;1368250626;NA
Ceratophrys_aurita;149;0;1;0;1;1;0;0;6.17E+11;NA
Ceratophrys_joazeirensis;105;0;1;0;1;1;0;0;49381208811;2288.49
Chiasmocleis_alagoana;27;0;1;1;1;1;1;0;249198418.7;NA
Chiasmocleis_albopunctata;38;0;1;0;1;1;1;0;2.55E+12;NA
Chiasmocleis_atlantica;31.6;0;1;0;1;1;1;0;18652799642;730
Chiasmocleis_capixaba;20.2;0;1;0;1;1;1;0;16773306109;NA
Chiasmocleis_carvalhoi;24.4;0;1;0;1;1;1;0;17617850467;44.44
Chiasmocleis_leucosticta;23.6;1;1;0;1;1;1;0;1.15E+11;201.49
Chiasmocleis_mantiqueira;22.8;0;1;0;1;1;1;0;23901903.46;NA
Chiasmocleis_sapiranga;25;0;1;0;1;1;1;0;52366653.32;NA
Chiasmocleis_schubarti;34.5;0;1;0;1;1;1;0;69046579960;NA
Corythomantis_greeningi;86.5;0;1;0;0;1;1;1;9.72E+11;700
Crossodactylodes_bokermanni;17;0;1;0;0;0;1;1;1606400583;NA
Crossodactylodes_izecksohni;15;0;1;0;0;0;1;1;29957414.98;NA
Crossodactylodes_pintoi;18;NA;NA;NA;0;0;1;1;76683466.81;NA
Crossodactylus_aeneus;31.7;1;1;0;0;1;1;0;82161417020;94.29
Crossodactylus_caramaschii;27.2;1;1;0;0;1;1;0;35204217491;NA
Crossodactylus_cyclospinus;24.5;1;0;0;0;1;1;0;354494426.3;NA
Crossodactylus_dantei;30;1;0;0;0;1;1;0;19117988.39;NA
Crossodactylus_dispar;33.8;1;0;0;0;1;1;0;47736896297;NA
Crossodactylus_fransciscanus;23.6;1;0;1;0;1;1;0;26560451492;NA
Crossodactylus_gaudichaudii;35.1;1;1;0;0;1;1;0;66424510396;144
Crossodactylus_grandis;42;1;0;0;0;1;1;0;2030879757;NA
Crossodactylus_lutzorum;26.4;1;0;0;0;1;1;0;23010767.1;NA
Crossodactylus_schmidti;33.3;1;0;0;0;1;1;0;34012299905;NA
Crossodactylus_timbuhy;28.3;1;0;0;0;1;1;0;875047519.4;NA
Crossodactylus_trachystomus;25.8;1;0;0;0;1;1;0;1794143680;NA
Crossodactylus_werneri;28.7;1;0;0;0;1;1;0;2.88;NA
Cycloramphus_acangatan;48.1;0;1;0;1;1;0;0;5373938029;NA
Cycloramphus_asper;54;NA;NA;NA;0;1;1;0;16814939288;NA
Cycloramphus_bandeirensis;45;1;0;1;0;1;0;0;45969922.5;NA
Cycloramphus_bolitoglossus;39.8;0;1;0;0;1;0;0;18015336255;NA
Cycloramphus_boraceiensis;59;0;1;0;0;1;1;0;27122486889;80.31
Cycloramphus_brasiliensis;77.8;0;1;0;0;1;1;0;10714343485;NA
Cycloramphus_carvalhoi;56;NA;NA;NA;0;1;0;0;146491050.9;NA
Cycloramphus_catarinensis;39.2;0;1;0;0;1;1;0;22351059.24;NA
Cycloramphus_cedrensis;50;NA;NA;NA;0;1;1;0;350956057.8;NA
Cycloramphus_diringshofeni;31;NA;NA;NA;0;1;0;0;4213529712;NA
Cycloramphus_dubius;60.3;0;1;0;0;1;1;0;1271575918;48.99
Cycloramphus_duseni;44;NA;NA;NA;0;1;1;0;391521074.7;NA
Cycloramphus_eleutherodactylus;58.3;1;1;1;0;1;1;0;1.17E+11;NA
Cycloramphus_faustoi;44;0;1;0;0;1;0;0;12258858.45;24.9
Cycloramphus_fuliginosus;64.3;0;1;0;0;1;1;0;1.1E+11;NA
Cycloramphus_granulosus;47;NA;NA;NA;0;1;1;0;9212665331;NA
Cycloramphus_izecksohni;40;0;1;0;0;1;1;0;2707076272;NA
Cycloramphus_juimirim;38.7;0;1;0;0;1;1;0;178499255;NA
Cycloramphus_lutzorum;58;1;1;1;0;1;1;0;23346801667;NA
Cycloramphus_migueli;42.1;NA;NA;NA;1;1;0;0;529412113.3;NA
Cycloramphus_mirandaribeiroi;68.6;NA;NA;NA;0;1;1;0;108466918.2;NA
Cycloramphus_ohausi;41.6;NA;NA;NA;0;1;1;0;878368094.8;NA
Cycloramphus_rhyakonastes;56.4;0;1;0;1;1;1;0;290580806.9;NA
Cycloramphus_semipalmatus;50.9;0;1;0;1;1;1;0;9076256921;NA
Cycloramphus_stejnegeri;56;NA;NA;NA;0;1;1;0;1055930282;30
Cycloramphus_valae;40;NA;NA;NA;0;1;1;0;4028955570;NA
Dasypops_schirchi;63.6;0;1;0;1;1;1;0;9625227697;NA
Dendrophryniscus_berthalutzae;24;0;1;0;0;1;1;1;16556459440;NA
Dendrophryniscus_brevipollicatus;25;1;1;0;0;1;1;1;43859319306;24.19
Dendrophryniscus_carvalhoi;19;NA;NA;NA;0;1;1;1;479991580.6;NA
Dendrophryniscus_krausae;23;0;1;0;0;0;1;1;1407651.09;NA
Dendrophryniscus_leucomystax;25;0;1;0;0;1;1;1;37117826816;NA
Dendrophryniscus_proboscideus;41;0;1;0;1;1;0;0;103133743;NA
Dendrophryniscus_skuki;26.2;NA;NA;NA;NA;NA;NA;NA;3.01;NA
Dendrophryniscus_stawiarskyi;22;NA;NA;NA;0;1;1;1;56580779.61;NA
Dendropsophus_anceps;42;0;1;0;0;0;1;1;2.06E+11;NA
Dendropsophus_berthalutzae;24;0;1;0;0;1;1;1;70601052616;54.86
Dendropsophus_bipunctatus;30;0;1;0;0;1;1;1;1.49E+11;NA
Dendropsophus_branneri;25;0;1;0;0;1;1;1;1.13E+12;NA
Dendropsophus_bromeliaceus;20.1;0;1;0;0;0;1;1;46056755.4;NA
Dendropsophus_cruzi;25;0;1;0;0;1;1;1;3.81E+11;NA
Dendropsophus_decipiens;21;0;1;0;0;1;1;1;9.44E+11;NA
Dendropsophus_dutrai;38.1;NA;NA;NA;0;1;1;1;4634208275;NA
Dendropsophus_elegans;35.7;0;1;0;0;1;0;1;6.51E+11;351.14
Dendropsophus_elianeae;26;0;1;0;0;1;1;1;1.55E+11;NA
Dendropsophus_giesleri;35.9;0;1;0;0;1;1;1;42353167933;179.6
Dendropsophus_haddadi;24;0;1;0;0;1;1;1;47357692634;45
Dendropsophus_jimi;22.3;0;1;0;0;1;1;1;57358477363;NA
Dendropsophus_limai;19;NA;NA;NA;0;1;1;1;51893961.74;NA
Dendropsophus_meridianus;24;0;1;0;0;1;0;1;12209099483;NA
Dendropsophus_microps;33;0;1;0;0;1;1;1;2.95E+11;273.86
Dendropsophus_minutus;27.6;0;1;0;0;1;0;1;1.1E+13;252.19
Dendropsophus_nahdereri;50.5;1;1;0;0;1;1;1;14244396067;NA
Dendropsophus_nanus;23.8;1;1;1;0;1;1;1;8.16E+12;234.73
Dendropsophus_novaisi;36;0;1;0;0;1;1;1;486996998.2;NA
Dendropsophus_oliveirai;20;0;1;0;0;1;1;1;2.38E+11;NA
Dendropsophus_pseudomeridianus;22.7;0;1;0;0;1;0;0;8028207877;NA
Dendropsophus_rhea;20.7;NA;NA;NA;0;1;1;0;12743756.22;NA
Dendropsophus_rubicundulus;25.4;0;1;0;0;1;1;0;2.55E+12;NA
Dendropsophus_ruschii;29;0;1;0;0;1;1;1;627542885.4;14.14
Dendropsophus_sanborni;21.1;0;1;0;0;1;1;1;1.04E+12;80.62
Dendropsophus_seniculus;43;0;1;0;0;1;0;1;2.59E+11;NA
Dendropsophus_soaresi;33;0;1;0;0;1;1;1;1.36E+12;345.96
Dendropsophus_studerae;29.6;0;1;0;0;1;1;0;135416627.8;415
Dendropsophus_werneri;23;0;1;0;0;1;1;1;56984540999;241.41
Dermatonotus_muelleri;74.15;0;1;0;1;1;1;0;4.1E+12;6373.6
Elachistocleis_bicolor;43;0;1;0;1;1;1;0;1.57E+12;643.43
Elachistocleis_cesarii;42.7;0;1;0;1;1;1;0;3.01E+11;862.07
Elachistocleis_erythrogaster;37.6;0;1;0;1;1;1;0;1297058836;632.46
Elachistocleis_ovalis;43.8;0;1;0;1;1;1;0;1.09E+13;228.31
Eleutherodactylus_bilineatus;26;1;1;1;0;1;0;0;34681278760;NA
Euparkerella_brasiliensis;17;1;1;1;0;1;0;0;9584105424;NA
Euparkerella_cochranae;16;1;1;1;0;1;0;0;5561560455;NA
Euparkerella_robusta;23;1;1;1;0;1;0;0;75517864.88;NA
Euparkerella_tridactyla;20;1;1;1;0;1;0;0;4809202.17;NA
Fritziana_fissilis;28;0;1;0;0;0;1;1;52458292949;9.8
Fritziana_goeldii;37;0;1;0;0;0;1;1;1.63E+11;14.07
Fritziana_ohausi;31;0;1;0;0;0;1;1;44735387101;15
Frostius_erythrophthalmus;25.6;0;1;0;0;1;0;1;15170613237;NA
Frostius_pernambucensis;21;0;1;0;0;1;1;1;70675380170;NA
Gastrotheca_albolineata;60;0;1;1;0;0;0;1;30303416446;12.85
Gastrotheca_ernestoi;75;0;1;0;0;0;0;1;5890338994;24
Gastrotheca_fissipes;72;0;1;0;0;0;0;1;1.81E+11;19.6
Gastrotheca_fulvorufa;69;0;1;0;0;0;0;1;8419541108;NA
Gastrotheca_microdiscus;49;0;1;0;0;0;0;1;1.48E+11;NA
Haddadus_binotatus;63.8;0;1;1;0;1;0;0;5.75E+11;31.46
Holoaden_bradei;48;NA;NA;NA;1;1;0;0;360865266.4;8
Holoaden_luederwaldti;48;0;1;0;1;1;0;0;13451325311;38.42
Holoaden_suarezi;44.2;0;1;0;1;1;0;0;2112514365;NA
Hylodes_amnicola;31;1;0;1;0;1;1;0;77856291.88;NA
Hylodes_asper;44.9;1;0;0;0;1;1;1;65869929029;80.61
Hylodes_babax;33;1;0;0;0;1;1;1;1122613110;NA
Hylodes_cardosoi;46.5;1;0;0;0;1;1;0;2456628802;NA
Hylodes_charadranaetes;34.7;1;0;0;0;1;1;1;1173967719;NA
Hylodes_dactylocinus;31;1;0;0;0;1;1;0;655928856.2;48.99
Hylodes_fredi;37.5;1;0;0;0;1;1;0;151752222.3;NA
Hylodes_glaber;40;1;0;0;0;1;1;1;303632650.7;NA
Hylodes_heyeri;42.6;1;0;0;0;1;1;1;13448360925;132
Hylodes_lateristrigatus;40;1;0;0;0;1;1;1;66493283080;NA
Hylodes_magalhaesi;31.5;1;1;0;0;1;1;1;1543340114;NA
Hylodes_meridionalis;50;1;1;1;0;1;1;0;9743402700;NA
Hylodes_mertensi;54.5;1;0;0;0;1;1;1;425698635.2;NA
Hylodes_nasus;38;1;0;0;0;1;1;1;1.12E+11;NA
Hylodes_ornatus;25.5;1;0;0;0;1;1;1;5824526682;NA
Hylodes_otavioi;33.3;1;0;0;0;1;1;1;1656209666;NA
Hylodes_perere;28.4;1;1;0;0;1;1;1;902656929.6;NA
Hylodes_perplicatus;45.1;1;0;0;0;1;1;0;4662209478;NA
Hylodes_phyllodes;32.2;1;0;0;0;1;1;0;22584314499;38.52
Hylodes_pipilans;27.7;1;0;0;0;0;1;0;98535523.27;NA
Hylodes_regius;35.6;1;0;0;0;1;1;1;1272481826;NA
Hylodes_sazimai;30.3;1;0;0;0;1;1;0;4933433061;109
Hylodes_uai;33.6;1;0;0;0;1;1;1;1751332314;NA
Hylodes_vanzolinii;29;1;0;0;0;1;1;1;119148652.3;NA
Boana_bandeirantes;31.2;0;1;0;0;0;0;1;11037163946;NA
Boana_paranaiba;52.3;0;1;0;0;0;1;1;9075711735;NA
Boana_poaju;45.6;0;1;0;0;0;1;1;45902172.2;NA
Hypsiboas_albomarginatus;62;0;1;0;0;1;1;1;5.39E+11;NA
Hypsiboas_albopunctatus;75;0;1;0;0;0;1;1;3.88E+12;NA
Hypsiboas_atlanticus;43.5;0;1;0;0;1;1;1;76342933595;NA
Hypsiboas_bischoffi;69;0;1;0;0;1;1;1;1.92E+11;NA
Hypsiboas_caingua;38;0;1;0;0;1;1;1;75502947511;NA
Hypsiboas_cipoensis;37.5;0;1;0;0;1;1;1;20320116763;NA
Hypsiboas_crepitans;75;0;1;0;0;1;0;1;3.53E+12;NA
Hypsiboas_curupi;47;0;1;0;0;1;1;1;3243589825;NA
Hypsiboas_cymbalum;50;0;1;0;0;1;1;0;208757843.4;NA
Hypsiboas_exastis;99;0;1;0;0;1;1;0;40894692.01;NA
Hypsiboas_faber;104;0;1;1;0;1;1;1;1.55E+12;NA
Hypsiboas_geographicus;85;0;1;0;0;1;1;1;1.04E+13;NA
Hypsiboas_goianus;38.3;0;1;0;0;1;0;1;1.53E+11;NA
Hypsiboas_guentheri;47;0;1;0;0;1;1;1;27813438480;NA
Hypsiboas_joaquini;56.4;0;1;0;0;1;1;1;8119437496;NA
Hypsiboas_latistriatus;51.6;0;1;0;0;1;1;0;17831938.95;NA
Hypsiboas_leptolineatus;39;0;1;0;0;1;1;1;1.32E+11;NA
Hypsiboas_lundii;76;0;1;0;0;1;1;1;7.39E+11;NA
Hypsiboas_marginatus;51.1;0;1;0;0;1;0;1;7360670635;NA
Hypsiboas_pardalis;75;0;1;0;0;1;1;1;2.08E+11;NA
Hypsiboas_polytaenius;41.5;0;1;0;0;1;0;1;1.37E+11;NA
Hypsiboas_pombali;65.7;0;1;0;0;1;0;1;78078208178;NA
Hypsiboas_prasinus;55;0;1;0;0;1;0;1;2.5E+11;NA
Hypsiboas_pulchellus;50;0;1;0;0;1;1;0;1.25E+12;NA
Hypsiboas_punctatus;41.7;0;1;0;0;1;0;1;1.13E+13;NA
Hypsiboas_raniceps;82;0;1;0;0;1;0;1;8.3E+12;NA
Hypsiboas_secedens;57;0;1;0;0;1;1;1;320481303.7;NA
Hypsiboas_semiguttatus;48;0;1;0;0;1;1;1;6786996888;NA
Hypsiboas_semilineatus;52;0;1;0;0;1;1;1;5.85E+11;NA
Hypsiboas_stellae;56;0;1;0;0;1;0;1;8749001727;NA
Hypsiboas_stenocephalus;39;0;1;0;0;1;0;1;126665248.5;NA
Ischnocnema_abdita;15.7;1;1;0;0;1;0;0;342779362.3;NA
Ischnocnema_bolbodactyla;19;1;1;0;0;1;0;0;10919691051;NA
Ischnocnema_concolor;18.4;0;1;0;0;1;0;0;35702360.19;NA
Ischnocnema_epipeda;NA;NA;NA;NA;0;1;0;0;4809202.17;NA
Ischnocnema_erythromera;NA;NA;NA;NA;0;1;0;0;1003816793;NA
Ischnocnema_gualteri;NA;NA;NA;NA;0;1;0;0;1039833087;NA
Ischnocnema_guentheri;40;0;1;1;0;1;0;1;4.08E+11;28.28
Ischnocnema_henselii;36.45;1;1;0;0;1;0;1;50454822742;24.49
Ischnocnema_hoehnei;29.4;NA;NA;NA;0;1;0;0;12049332625;NA
Ischnocnema_holti;31.7;0;1;0;0;1;0;1;285537403.5;15
Ischnocnema_izecksohni;NA;0;1;0;0;1;0;1;1953279385;NA
Ischnocnema_juipoca;26.26;0;1;1;0;1;0;0;4.58E+11;15
Ischnocnema_lactea;32;NA;NA;NA;0;1;0;0;2.31E+11;NA
Ischnocnema_manezinho;34.8;0;1;0;0;1;0;0;15365096108;NA
Ischnocnema_melanopygia;23.3;NA;NA;NA;0;1;0;0;362885994.7;12
Ischnocnema_nasuta;33;NA;NA;NA;0;1;0;0;6.25E+11;NA
Ischnocnema_nigriventris;19;0;1;1;0;1;0;0;169832639.1;NA
Ischnocnema_octavioi;24.3;0;1;1;0;1;0;0;8899705852;NA
Ischnocnema_oea;NA;1;1;0;0;1;0;0;4809202.17;NA
Ischnocnema_parva;25.5;1;1;1;0;1;0;0;1.24E+11;15.49
Ischnocnema_penaxavantinho;20.7;0;0;1;0;1;0;0;62896910674;NA
Ischnocnema_pusilla;NA;NA;NA;NA;0;1;0;0;542262108.7;NA
Ischnocnema_randorum;18.2;0;1;0;0;1;0;0;68227604.13;7
Ischnocnema_sambaqui;40;0;1;0;0;1;0;0;46291845.2;NA
Ischnocnema_spanios;21.4;1;0;0;0;1;0;0;1676189514;NA
Ischnocnema_surda;25.9;NA;NA;NA;0;1;0;1;2123055834;NA
Ischnocnema_venancioi;24.1;NA;NA;NA;0;1;0;0;6317751173;NA
Ischnocnema_verrucosa;24;0;1;0;0;1;1;0;23617839039;NA
Itapotihyla_langsdorffii;112;1;1;0;0;1;0;0;5.17E+11;2359.47
Leptodactylus_bufonius;60;0;1;0;1;1;1;0;1.08E+12;504.98
Leptodactylus_caatingae;35.3;1;1;0;1;1;1;0;3.68E+11;NA
Leptodactylus_camaquara;38;1;0;0;0;1;1;0;12940899529;NA
Leptodactylus_chaquensis;82;0;1;0;0;1;1;0;1.99E+12;1876.91
Leptodactylus_cunicularius;46;0;1;1;0;1;1;0;99387543149;NA
Leptodactylus_cupreus;55;0;1;0;0;1;1;0;224761194.6;NA
Leptodactylus_elenae;50;0;1;0;1;1;1;0;2.39E+12;NA
Leptodactylus_flavopictus;134.9;1;0;0;0;1;1;0;72362976615;NA
Leptodactylus_furnarius;44;1;1;0;1;1;1;0;1.15E+12;56.68
Leptodactylus_fuscus;46;1;1;0;0;1;1;0;1.17E+13;111.36
Leptodactylus_gracilis;45.5;1;0;0;0;1;1;0;1.96E+12;173.21
Leptodactylus_hylodes;25.3;1;0;0;0;1;1;0;37641637.99;NA
Leptodactylus_jolyi;45;0;1;1;1;1;1;0;131968338.8;100
Leptodactylus_labyrinthicus;158.5;0;1;1;0;1;1;0;2.66E+12;784.12
Leptodactylus_latinasus;40;1;0;0;0;1;1;0;1.82E+12;481
Leptodactylus_latrans;120;1;1;0;0;1;1;0;1.09E+13;525.12
Leptodactylus_marambaiae;NA;1;0;0;0;1;1;0;63683916.45;NA
Leptodactylus_mystaceus;60;1;1;0;1;1;1;0;7.13E+12;180.9
Leptodactylus_mystacinus;65;1;1;0;1;1;1;0;5.18E+12;189.74
Leptodactylus_natalensis;44;0;1;0;1;1;1;0;2.81E+11;1306.61
Leptodactylus_notoaktites;50;1;0;0;0;1;1;0;1.91E+11;NA
Leptodactylus_plaumanni;46;1;0;0;1;1;1;0;2.11E+11;212.13
Leptodactylus_podicipinus;54;0;1;0;0;1;1;0;3.87E+12;2245.82
Leptodactylus_pustulatus;40;1;0;0;0;1;1;0;1.12E+12;NA
Leptodactylus_sertanejo;55;1;1;0;1;1;0;0;5.88E+11;NA
Leptodactylus_spixi;43;1;1;0;1;1;1;0;7.23E+11;NA
Leptodactylus_syphax;82;0;1;1;1;1;1;0;3.03E+12;483.98
Leptodactylus_troglodytes;53.6;0;1;1;1;1;1;0;1.94E+12;206.64
Leptodactylus_vastus;250;1;0;0;0;1;1;0;1.05E+12;NA
Leptodactylus_viridis;72;1;0;0;0;1;1;0;9366822146;NA
Limnomedusa_macroglossa;54;0;1;0;0;1;1;1;4.67E+11;397.99
Lithobates_palmipes;126;1;1;0;0;1;1;0;6.96E+12;1120.49
Lysapsus_limellum;24.8;1;1;1;0;0;1;1;8.12E+11;46.58
Macrogenioglottus_alipioi;113.8;0;1;0;0;1;1;1;2.49E+11;NA
Megaelosia_apuana;97.2;1;0;0;0;1;1;0;23852623.71;NA
Megaelosia_bocainensis;66.7;1;0;0;0;1;1;1;37084544.38;NA
Megaelosia_boticariana;95.3;1;1;0;0;1;1;0;43587514.47;NA
Megaelosia_goeldii;121;1;0;0;0;1;1;0;10178676619;NA
Megaelosia_jordanensis;NA;1;0;0;0;0;1;0;287597830.6;NA
Megaelosia_lutzae;92.5;1;0;0;0;1;1;0;145538551.6;NA
Megaelosia_massarti;123.9;1;0;0;0;1;1;1;722885098;NA
Melanophryniscus_admirabilis;40.8;1;0;0;0;1;1;0;9731936.09;20
Melanophryniscus_atroluteus;28;1;0;0;1;1;1;0;2.59E+11;122.47
Melanophryniscus_cambaraensis;35;1;1;0;NA;1;1;0;779237723.3;100
Melanophryniscus_devincenzii;29;1;0;0;NA;1;1;0;12793236042;NA
Melanophryniscus_dorsalis;27;1;0;0;NA;1;1;0;7478396460;NA
Melanophryniscus_fulvoguttatus;28;NA;NA;NA;1;1;1;0;53417594142;NA
Melanophryniscus_krauczuki;24.2;NA;NA;NA;0;1;0;0;125733199.9;NA
Melanophryniscus_macrogranulosus;35;NA;NA;NA;0;1;1;0;28468329.79;NA
Melanophryniscus_milanoi;23.7;1;0;0;0;1;1;1;403934818.7;NA
Melanophryniscus_moreirae;30;1;0;0;1;1;1;0;467765603.8;78
Melanophryniscus_peritus;NA;NA;NA;NA;NA;NA;NA;NA;10000594.98;NA
Melanophryniscus_simplex;28;0;1;0;NA;1;1;0;162395861.1;NA
Melanophryniscus_spectabilis;31;1;0;0;NA;1;1;0;7815003.65;NA
Melanophryniscus_tumifrons;31;NA;NA;NA;0;1;1;0;1.64E+11;NA
Melanophryniscus_xanthostomus;18.6;0;1;0;0;0;1;1;242514312.8;NA
Myersiella_microps;40;1;1;0;1;1;1;0;89663250911;21.17
Odontophrynus_americanus;51;0;1;0;1;1;1;0;3.35E+12;5477.23
Odontophrynus_carvalhoi;70;0;1;0;1;1;1;0;9.13E+11;NA
Odontophrynus_cultripes;70;0;1;0;1;1;1;0;3.94E+11;NA
Odontophrynus_maisuma;43.6;0;1;0;1;1;1;0;62209899555;2980
Proceratophrys_salvatori;26.5;0;1;0;1;1;1;0;61425448573;NA
Ololygon_cosenzai;23;0;1;0;0;0;1;1;7080007827;NA
Ololygon_strigilata;38;0;1;0;0;1;1;1;7677899334;NA
Ololygon_tripui;39.2;0;1;0;0;0;1;1;18111047047;NA
Ololygon_tupinamba;21.8;NA;NA;NA;0;0;1;1;113825646.5;NA
Paratelmatobius_cardosoi;17.9;0;1;0;0;1;1;0;917114739.4;20
Paratelmatobius_gaigeae;18;0;1;0;0;1;1;0;88821819.35;6
Paratelmatobius_lutzii;24;NA;NA;NA;NA;NA;NA;NA;81669377.85;26.7
Paratelmatobius_mantiqueira;19.3;0;1;0;0;1;1;0;102477428.3;8
Paratelmatobius_poecilogaster;30.1;0;1;0;0;1;1;0;1325919984;8.06
Phasmahyla_cochranae;45.15;0;1;0;0;0;0;1;63850062910;125.35
Phasmahyla_exilis;34.5;0;1;0;0;0;0;1;19106286534;NA
Phasmahyla_guttata;45;0;1;0;0;0;0;1;55662966111;40
Phasmahyla_jandaia;32;0;1;0;0;0;0;1;37090229658;23.24
Phasmahyla_spectabilis;48.6;0;1;0;0;0;0;1;413158302.6;39.89
Phasmahyla_timbo;35.8;0;1;0;0;0;0;1;109313437.4;NA
Phrynomedusa_appendiculata;37.4;0;1;0;0;0;0;1;859653590.5;50
Phrynomedusa_bokermanni;46;0;1;0;0;0;0;1;170774164.6;NA
Phrynomedusa_fimbriata;45.6;NA;NA;NA;NA;NA;NA;NA;115678569.7;NA
Phrynomedusa_marginata;31;0;1;0;0;0;0;1;40012910140;NA
Phrynomedusa_vanzolinii;36.5;0;1;0;0;0;0;1;18910516534;NA
Phyllodytes_acuminatus;24.5;NA;NA;NA;0;1;1;1;72295144979;NA
Phyllodytes_brevirostris;24;NA;NA;NA;0;1;1;1;102536531.6;NA
Phyllodytes_edelmoi;28.8;NA;NA;NA;0;1;1;1;2508097502;NA
Phyllodytes_gyrinaethes;27.9;NA;NA;NA;0;1;1;1;1294267340;NA
Phyllodytes_kautskyi;38;1;1;0;0;0;1;1;21022742137;NA
Phyllodytes_luteolus;25;0;1;0;0;1;1;1;1.4E+11;13
Phyllodytes_maculosus;49;NA;NA;NA;0;0;1;1;2169193524;NA
Phyllodytes_megatympanum;23.7;NA;NA;NA;0;0;1;1;2156637267;NA
Phyllodytes_melanomystax;26.6;0;1;0;0;1;1;1;33572790234;NA
Phyllodytes_punctatus;22.8;NA;NA;NA;0;0;1;1;9448634.96;NA
Phyllodytes_tuberculosus;26;0;1;0;0;1;1;1;1540903989;NA
Phyllodytes_wuchereri;27.1;0;1;0;0;0;1;1;9743181474;NA
Phyllomedusa_bahiana;85;0;1;0;0;0;0;1;60269789889;NA
Phyllomedusa_burmeisteri;79;0;1;0;0;1;1;1;9.99E+11;291.58
Phyllomedusa_distincta;70;0;1;0;0;1;1;1;1.1E+11;214.48
Phyllomedusa_iheringii;75;0;1;0;0;1;0;1;1.38E+11;160
Phyllomedusa_sauvagii;96.6;0;1;0;0;1;1;1;1.11E+12;292.21
Phyllomedusa_tetraploidea;69.4;0;1;0;0;1;1;1;3.76E+11;207.75
Physalaemus_aguirrei;28.2;0;1;0;0;1;1;0;56620438182;474
Physalaemus_albifrons;25;NA;NA;NA;0;1;1;0;7.06E+11;NA
Physalaemus_albonotatus;34.1;1;1;0;0;1;1;0;1.77E+12;118.57
Physalaemus_angrensis;20;0;1;1;0;1;1;0;8315780.63;NA
Physalaemus_atim;30.5;0;1;0;0;1;1;0;98754479.68;NA
Physalaemus_atlanticus;26.8;0;1;1;0;1;1;0;4669908.37;81.42
Physalaemus_barrioi;29;0;1;0;0;1;1;0;133881039.3;171.25
Physalaemus_biligonigerus;40;0;1;0;0;1;1;0;2.23E+12;1782.85
Physalaemus_bokermanni;19.46;NA;NA;NA;0;1;1;0;107019378.9;55
Physalaemus_caete;23;NA;NA;NA;0;1;1;0;3094806394;NA
Physalaemus_camacan;24;0;1;0;0;1;1;0;1269618.78;NA
Physalaemus_centralis;40;0;1;0;0;1;1;0;1.8E+12;1666.94
Physalaemus_cicada;25.38;0;1;0;0;1;1;0;2.67E+11;NA
Physalaemus_crombiei;25.2;0;1;0;0;1;1;0;78773483030;150.83
Physalaemus_cuvieri;36.5;0;1;1;0;1;1;0;7.28E+12;851.82
Physalaemus_deimaticus;24.4;0;1;0;0;1;1;0;1420268394;NA
Physalaemus_erikae;27.1;1;1;0;0;1;1;0;10401623987;NA
Physalaemus_evangelistai;23;0;1;0;0;1;1;0;2924289913;73.27
Physalaemus_feioi;31.2;0;1;0;0;1;1;0;45392816341;NA
Physalaemus_gracilis;40;0;1;0;0;1;1;0;5.41E+11;282.84
Physalaemus_henselii;27.7;0;1;0;0;1;1;0;5E+11;273.86
Physalaemus_insperatus;26.7;NA;NA;NA;0;1;1;0;55986505.49;NA
Physalaemus_irroratus;22.9;0;1;0;0;1;1;0;140476703.6;NA
Physalaemus_jordanensis;24;0;1;0;0;1;1;0;8985459754;NA
Physalaemus_kroyeri;35;0;1;1;0;1;1;0;2.85E+11;1366.61
Physalaemus_lateristriga;40.3;0;1;0;0;1;1;0;27194021969;NA
Physalaemus_lisei;28.25;0;1;0;0;1;1;0;57482475359;458.26
Physalaemus_maculiventris;25;0;1;0;0;1;1;0;1.16E+11;129
Physalaemus_marmoratus;39;0;1;0;0;1;1;0;2.03E+12;1920.46
Physalaemus_maximus;45;0;1;0;0;1;1;0;1605518095;NA
Physalaemus_moreirae;28.2;0;1;0;0;1;1;0;3471334043;NA
Physalaemus_nanus;20;0;1;0;0;1;1;0;37936896607;73.48
Physalaemus_nattereri;51.3;0;1;0;0;1;1;0;2.31E+12;2942.7
Physalaemus_obtectus;24.93;0;1;0;0;1;1;0;21119993662;NA
Physalaemus_olfersii;41;0;1;0;0;1;1;0;2.18E+11;651.06
Physalaemus_orophilus;28.1;NA;NA;NA;0;1;1;0;16651721397;NA
Physalaemus_riograndensis;16.91;NA;NA;NA;0;1;1;0;5.11E+11;223.61
Physalaemus_rupestris;17.75;0;1;0;0;1;1;0;103979369.5;34
Physalaemus_signifer;26.72;1;1;0;0;1;1;0;1.28E+11;273
Physalaemus_soaresi;22.8;0;1;0;0;1;1;0;36609353.8;NA
Physalaemus_spiniger;22.7;1;1;0;0;1;1;0;14589260613;58.34
Pipa_carvalhoi;68;1;1;0;0;0;1;0;4.63E+11;204.94
Pithecopus_ayeaye;46.1;0;1;0;0;0;0;1;90178654.04;NA
Pithecopus_azureus;43.1;0;1;0;0;0;0;1;2.12E+12;NA
Pithecopus_hypochondrialis;NA;1;1;0;0;0;0;1;8.18E+12;NA
Pithecopus_megacephalus;NA;0;1;0;0;0;0;1;1972708077;NA
Pithecopus_nordestinus;37;0;1;0;0;0;0;1;1.02E+12;NA
Pithecopus_rohdei;46;0;1;0;0;0;0;1;1.49E+11;NA
Pleurodema_alium;36.1;0;1;0;0;1;1;0;27588035341;NA
Pleurodema_bibroni;34.8;0;1;0;0;1;1;0;3.1E+11;447.21
Pleurodema_diplolister;20;0;1;0;1;1;0;0;1.39E+12;650
Pristimantis_paulodutrai;36;0;1;0;0;1;0;0;48419925415;NA
Pristimantis_ramagii;24;0;1;0;0;1;0;0;1.52E+11;10
Pristimantis_vinhai;25;0;1;0;0;1;0;0;48419925415;NA
Proceratophrys_appendiculata;63.2;1;1;1;1;1;1;0;1E+11;546.73
Proceratophrys_avelinoi;36.5;1;1;0;1;1;1;0;2.42E+11;NA
Proceratophrys_belzebul;62;1;1;0;1;1;1;0;286457044.2;NA
Proceratophrys_bigibbosa;53.4;1;1;0;1;1;1;0;30208341755;NA
Proceratophrys_boiei;74.3;0;1;0;1;1;1;0;6.41E+11;1296
Proceratophrys_brauni;39.8;1;1;1;1;1;1;0;10048791913;NA
Proceratophrys_cristiceps;50.2;0;1;0;1;1;1;0;6.12E+11;NA
Proceratophrys_cururu;53.9;0;1;0;1;1;1;0;1279479591;NA
Proceratophrys_goyana;62.6;0;1;0;1;1;1;0;41620857024;NA
Proceratophrys_izecksohni;54.1;1;1;0;1;1;1;0;154352992.2;NA
Proceratophrys_laticeps;82.7;1;1;0;1;1;1;0;76235480521;NA
Proceratophrys_mantiqueira;54.3;1;1;0;1;1;1;0;4847315727;NA
Proceratophrys_melanopogon;65.8;0;1;0;1;1;1;0;15675044861;664
Proceratophrys_moehringi;63.6;1;0;1;1;1;1;0;5599170638;NA
Proceratophrys_palustris;33.8;1;1;0;1;1;1;0;909884818.5;NA
Proceratophrys_paviotii;56.6;0;1;0;1;1;1;0;3294418.55;NA
Proceratophrys_phyllostoma;76.6;NA;NA;NA;1;1;1;0;123908948.1;NA
Proceratophrys_pombali;33.8;0;1;1;1;1;1;0;1143179700;NA
Proceratophrys_renalis;55;0;1;0;1;1;1;0;5.33E+11;NA
Proceratophrys_schirchi;50;0;1;0;1;1;1;0;1.13E+11;NA
Proceratophrys_subguttata;58.9;0;1;0;1;1;1;0;17641657936;NA
Proceratophrys_tupinamba;72.8;1;1;1;1;1;1;0;2.86;830.44
Proceratophrys_vielliardi;45.5;0;1;0;1;1;1;0;21781383233;NA
Pseudis_bolbodactyla;58;0;1;0;0;0;1;0;9.43E+11;230
Pseudis_cardosoi;55.9;0;1;0;0;0;1;0;15979438337;118.32
Pseudis_fusca;53;0;1;0;0;0;1;0;86882433318;NA
Pseudis_minuta;51.1;0;1;0;0;0;1;0;4.84E+11;436.35
Pseudis_paradoxa;75;0;1;0;0;0;1;0;7.74E+12;1558.08
Pseudis_platensis;57.5;0;1;0;0;0;1;0;5.36E+11;630.85
Pseudopaludicola_atragula;16.7;1;0;0;0;1;1;0;12566892716;NA
Pseudopaludicola_boliviana;14.1;1;1;1;0;1;1;0;4.07E+12;126.29
Pseudopaludicola_falcipes;18.1;1;1;0;0;1;1;0;1.64E+12;300
Pseudopaludicola_jaredi;15.9;0;1;0;0;1;1;0;92484555365;NA
Pseudopaludicola_mineira;17.4;1;0;0;0;1;1;0;1552303491;NA
Pseudopaludicola_murundu;16;0;1;1;0;1;1;0;36344863258;32
Pseudopaludicola_mystacalis;18.9;1;0;0;0;1;1;0;2.62E+12;110.16
Pseudopaludicola_pocoto;13.9;0;1;0;0;1;1;0;4.55E+11;NA
Pseudopaludicola_saltica;22;1;1;0;0;1;1;0;9.57E+11;79.09
Rhinella_abei;83.9;0;1;0;0;1;1;0;30118258467;NA
Rhinella_achavali;120;0;1;0;0;1;1;0;1.72E+11;NA
Rhinella_arenarum;115.5;NA;NA;NA;0;1;1;0;1.67E+12;11669.79
Rhinella_azarai;45.45;0;1;0;0;1;1;0;1.2E+11;5334.41
Rhinella_bergi;49.93;1;1;0;0;1;1;0;5.14E+11;NA
Rhinella_cerradensis;147;NA;NA;NA;0;1;1;0;2.18E+11;NA
Rhinella_crucifer;130;0;1;0;0;1;1;0;3.78E+11;3056.03
Rhinella_diptycha;130;0;1;0;0;1;1;0;3806737377;NA
Rhinella_dorbignyi;70;1;0;1;0;1;1;0;4.47E+11;9000
Rhinella_fernandezae;76;1;1;0;0;1;1;0;5.57E+11;4738.67
Rhinella_granulosa;90;0;1;0;0;1;1;0;1.1E+13;2606.38
Rhinella_henseli;63.9;0;1;0;0;1;1;0;1.06E+11;NA
Rhinella_hoogmoedi;42;0;1;0;0;1;1;0;2.65E+11;NA
Rhinella_icterica;190;1;1;1;0;1;1;0;1.54E+12;2905.2
Rhinella_jimi;145;0;1;0;0;1;1;0;6.59E+11;NA
Rhinella_margaritifera;74;1;0;0;0;1;1;0;8.97E+12;681.91
Rhinella_marina;241;1;1;1;0;1;1;0;8.45E+12;12016.66
Rhinella_mirandaribeiroi;60.34;0;1;0;0;1;1;0;3.04E+12;NA
Rhinella_ocellata;53;NA;NA;NA;0;1;1;0;1.07E+12;1003.99
Rhinella_ornata;84.29;1;1;1;0;1;1;0;1.87E+11;2967.97
Rhinella_pombali;119;1;1;1;0;1;1;0;1.67E+11;NA
Rhinella_pygmaea;41;0;1;0;1;1;1;0;17301966665;4140
Rhinella_rubescens;130;NA;NA;NA;0;1;1;0;1.5E+12;NA
Rhinella_sebbeni;66.7;0;1;0;0;1;1;0;1734656745;NA
Scinax_acuminatus;48;0;1;0;0;1;1;1;1.01E+12;896.15
Scinax_agilis;19.5;1;1;0;0;1;1;1;25386651055;NA
Scinax_albicans;46.94;0;1;0;0;1;1;1;17564328757;631.5
Scinax_alter;32;0;1;0;0;1;1;1;3.51E+11;295.21
Scinax_angrensis;39.2;1;1;0;0;1;1;1;1381870859;523.61
Scinax_arduous;26.2;1;1;0;0;1;1;1;14843204.25;NA
Scinax_argyreornatus;23;0;1;0;0;1;1;1;1.85E+11;94.15
Scinax_ariadne;46.5;0;1;0;0;1;1;1;976860406.3;NA
Scinax_aromothyella;31.8;0;1;0;0;0;1;1;17292079.53;489.9
Scinax_atratus;20;NA;NA;NA;0;1;1;1;1257583676;NA
Scinax_auratus;24.7;NA;NA;NA;0;1;1;1;1.22E+11;NA
Scinax_belloni;39;0;1;0;0;0;1;1;11734178.41;NA
Scinax_berthae;25;NA;NA;NA;0;1;1;1;9E+11;NA
Scinax_brieni;40;0;1;0;0;1;1;1;43951412122;NA
Scinax_cabralensis;25;NA;NA;NA;0;0;1;1;1551931731;NA
Scinax_caissara;NA;NA;NA;NA;NA;NA;NA;NA;654798417.8;NA
Scinax_caldarum;35;0;1;0;0;1;1;1;66099153678;NA
Scinax_camposseabrai;35.9;NA;NA;NA;0;1;1;0;21783720809;NA
Scinax_cardosoi;NA;0;1;0;0;1;1;1;24114774540;NA
Scinax_carnevallii;32;0;1;0;0;1;1;1;32080644802;NA
Scinax_catharinae;45.5;0;1;0;0;1;0;1;63230949135;424.26
Scinax_constrictus;35.6;NA;NA;NA;0;1;0;0;57434847485;207
Scinax_cretatus;NA;NA;NA;NA;NA;NA;NA;NA;85416164278;NA
Scinax_crospedospilus;37.6;0;1;0;0;1;1;1;40155621089;NA
Scinax_curicica;31.5;NA;NA;NA;0;1;0;1;18380088.38;NA
Scinax_cuspidatus;32.5;0;1;0;0;1;1;1;2.04E+11;125.42
Scinax_duartei;37;0;1;0;0;1;1;1;28762032228;384.71
Scinax_eurydice;53.8;0;1;0;0;1;1;1;4.53E+11;1686.04
Scinax_flavoguttatus;45.4;0;1;0;0;1;1;1;1.61E+11;NA
Scinax_fuscomarginatus;26.7;0;1;0;0;1;1;1;5.1E+12;279.08
Scinax_fuscovarius;55.3;0;1;0;0;1;1;1;4.96E+12;1547.45
Scinax_granulatus;43;0;1;0;0;1;0;1;6.46E+11;1090.87
Scinax_hayii;53;0;1;0;0;1;1;1;1.79E+11;1913.84
Scinax_heyeri;35.6;0;1;0;0;1;1;1;1165862033;NA
Scinax_hiemalis;34.4;0;1;0;0;1;1;1;53182319561;270
Scinax_humilis;40.9;0;1;0;0;1;1;1;43320183228;NA
Scinax_imbegue;32;0;1;0;0;0;1;1;19889789456;NA
Scinax_insperatus;23;0;1;0;0;0;1;1;19673970.99;NA
Scinax_juncae;27;0;1;0;0;1;1;1;12650149148;NA
Scinax_jureia;33.6;0;1;0;0;1;1;1;281104508.1;120
Scinax_littoralis;39.9;0;1;1;0;1;1;1;9563407600;528.2
Scinax_littoreus;25.5;0;1;1;0;1;1;1;5211960360;6.71
Scinax_longilineus;48;0;1;0;0;1;1;1;78862901295;NA
Scinax_luizotavioi;30;0;1;0;0;1;1;1;2.26E+11;NA
Scinax_machadoi;26;0;1;0;0;1;1;1;28669019421;NA
Scinax_maracaya;28;NA;NA;NA;0;1;1;1;3536366630;NA
Scinax_melanodactylus;NA;NA;NA;NA;NA;NA;NA;NA;21477070694;NA
Scinax_melloi;18.7;NA;NA;NA;0;1;1;1;1030900383;NA
Scinax_muriciensis;NA;NA;NA;NA;NA;NA;NA;NA;9819933.33;NA
Scinax_nasicus;39;0;1;0;0;1;1;1;2.59E+12;143.5
Scinax_obtriangulatus;39;0;1;0;0;1;1;1;85486674469;NA
Scinax_pachycrus;33;0;1;0;0;1;1;1;3.79E+11;NA
Scinax_perereca;42.2;0;1;0;0;1;1;1;3.26E+11;614.82
Scinax_perpusillus;25;0;1;1;0;1;1;1;62857711006;6.71
Scinax_pinima;29;NA;NA;NA;0;1;1;0;1055943460;NA
Scinax_ranki;28.7;0;1;0;0;1;1;1;2498306358;NA
Scinax_rizibilis;34;1;1;0;0;1;1;1;1.13E+11;1131.37
Scinax_rogerioi;35.6;0;1;0;0;1;0;1;9611984162;NA
Scinax_rossaferesae;NA;NA;NA;NA;NA;NA;NA;NA;2871370435;NA
Scinax_ruber;45;0;1;0;0;1;0;1;8.12E+12;282.06
Scinax_similis;41;0;1;0;0;0;1;1;23588845592;NA
Scinax_skuki;NA;NA;NA;NA;NA;NA;NA;NA;9682542.98;NA
Scinax_squalirostris;29;0;1;0;0;1;1;1;2.31E+12;172.05
Scinax_tigrinus;30.8;NA;NA;NA;0;0;1;1;2331852348;NA
Scinax_trapicheiroi;40;0;1;0;0;1;1;1;11403845143;NA
Scinax_tymbamirim;26;0;1;0;0;0;1;1;80703771589;NA
Scinax_uruguayus;25.8;0;1;0;0;1;1;1;1.66E+11;400
Scinax_v_signatus;27;0;1;0;0;0;1;1;28883605709;NA
Scinax_x_signatus;41;0;1;0;0;1;1;1;1.06E+13;NA
Scythrophrys_sawayae;16.71;0;1;0;0;1;1;0;9311076079;33
Sphaenorhynchus_botocudo;29.3;0;1;0;0;1;1;1;3328511408;NA
Sphaenorhynchus_bromelicola;30;NA;NA;NA;0;1;1;1;26650396.26;NA
Sphaenorhynchus_canga;NA;NA;NA;NA;NA;NA;NA;NA;2720085.83;NA
Sphaenorhynchus_caramaschii;29.3;0;1;0;0;1;1;1;47599033081;NA
Sphaenorhynchus_orophilus;32;0;1;0;0;1;1;1;34826909292;NA
Sphaenorhynchus_palustris;36;0;1;0;0;1;1;1;1.07E+11;NA
Sphaenorhynchus_pauloalvini;24;0;1;0;0;1;1;1;18591663920;NA
Sphaenorhynchus_planicola;24;0;1;0;0;1;1;1;38795220871;NA
Sphaenorhynchus_prasinus;31;0;1;0;0;1;1;1;1.68E+11;NA
Sphaenorhynchus_surdus;28;0;1;0;0;1;1;1;56703778126;NA
Stereocyclops_histrio;NA;NA;NA;NA;NA;NA;NA;NA;447344771.4;NA
Stereocyclops_incrassatus;57.8;0;1;0;1;1;1;1;1.55E+11;NA
Stereocyclops_palmipes;NA;NA;NA;NA;NA;NA;NA;NA;4786335.59;NA
Stereocyclops_parkeri;60;0;1;0;1;1;1;0;12432110616;NA
Thoropa_lutzi;30;0;1;0;0;1;1;0;17814623190;93.51
Thoropa_megatympanum;53;0;1;0;0;1;1;0;22061890066;61.64
Thoropa_miliaris;78;0;1;1;0;1;1;0;4.99E+11;181.66
Thoropa_petropolitana;27;0;1;0;0;1;1;0;16307991595;22.92
Thoropa_saxatilis;58;0;1;0;0;1;1;0;4881529590;33
Thoropa_taophora;102.1;0;1;0;0;1;1;0;2617642237;654.33
Trachycephalus_atlas;107;0;1;0;0;1;0;1;1.08E+11;NA
Trachycephalus_dibernardoi;84.4;0;1;0;0;0;0;1;28399580233;NA
Trachycephalus_imitatrix;71;0;1;0;0;1;0;1;2.76E+11;NA
Trachycephalus_lepidus;58.7;0;1;0;0;1;1;1;25584787.94;NA
Trachycephalus_mesophaeus;80.5;0;1;0;0;1;1;1;8.42E+11;1395.24
Trachycephalus_nigromaculatus;91.05;0;1;0;0;1;0;1;6.91E+11;270
Trachycephalus_typhonius;105;1;1;0;0;1;1;1;1.15E+13;1457.84
Vitreorana_baliomma;NA;0;1;0;0;0;0;1;52653849827;NA
Vitreorana_eurygnatha;23;0;1;0;0;0;0;1;4.47E+11;NA
Vitreorana_parvula;17;NA;NA;NA;0;0;0;1;685623998.4;NA
Vitreorana_uranoscopa;25.8;0;1;0;0;0;0;1;5.85E+11;30.46
Xenohyla_eugenioi;45.5;NA;NA;NA;0;0;1;1;16435671880;NA
Xenohyla_truncata;42;0;1;0;0;0;1;1;11940874883;186
Zachaenus_carvalhoi;37;0;1;0;0;1;0;0;4809202.17;37
Zachaenus_parvulus;29.6;0;1;0;0;1;0;0;7712090816;NA
